{"batch loss": 1.730812668800354, "_runtime": 79, "_timestamp": 1643664332, "_step": 428, "val_loss": 1.7451621761945921, "epoch": 0, "avg_loss": 1.8934359919856971, "accuracy": 0.3556, "_wandb": {"runtime": 77}}