{"batch loss": 2.2867205142974854, "_runtime": 87, "_timestamp": 1643663623, "_step": 891, "val_loss": 2.3051004153196053, "epoch": 0, "avg_loss": 2.3169756380859994, "accuracy": 0.0989, "_wandb": {"runtime": 85}}