{"batch loss": 2.306436061859131, "_runtime": 110, "_timestamp": 1643664524, "_step": 955, "val_loss": 2.3061087131500244, "epoch": 0, "avg_loss": 4.349716561038246, "accuracy": 0.1037, "_wandb": {"runtime": 107}}