{"batch loss": 2.294140338897705, "_runtime": 780, "_timestamp": 1643665580, "_step": 3569, "val_loss": 2.3062120421548906, "avg_loss": 2.3048106634010703, "accuracy": 0.0982, "epoch": 9, "_wandb": {"runtime": 778}}