{"batch loss": 1.7118065357208252, "_runtime": 71, "_timestamp": 1643664409, "_step": 242, "val_loss": 1.646839408079783, "epoch": 0, "avg_loss": 1.9811186358332633, "accuracy": 0.3989, "_wandb": {"runtime": 69}}