{"batch loss": 2.302234649658203, "_runtime": 698, "_timestamp": 1643666284, "_step": 2789, "val_loss": 2.3031865237415703, "avg_loss": 2.3036686924920566, "accuracy": 0.101, "epoch": 9, "_wandb": {"runtime": 695}}